name,hashtag,url
ときのそら,#soraArt,https://hololive.hololivepro.com/wp-content/uploads/2021/05/tokino_sora_thumb.png
ロボ子さん,#ロボ子Art,https://hololive.hololivepro.com/wp-content/uploads/2020/06/roboco-san_thumb.png
さくらみこ,#miko_Art,https://hololive.hololivepro.com/wp-content/uploads/2023/02/Sakura-Miko_thumb.png
星街すいせい,#ほしまちぎゃらりー,https://hololive.hololivepro.com/wp-content/uploads/2023/04/Hoshimachi-Suisei_list_thumb-1.png
AZki,#AZKiART,https://hololive.hololivepro.com/wp-content/uploads/2022/12/AZKi_list_thumb.png
夜空メル,#メルArt,https://pbs.twimg.com/media/GIM-JapbkAAb1Rd?format=jpg
アキ・ローゼンタール,#アロ絵,https://hololive.hololivepro.com/wp-content/uploads/2023/04/Aki-Rosenthal_list_thumb.png
赤井はあと,#はあとart,https://hololive.hololivepro.com/wp-content/uploads/2023/04/Akai-Haato_list_thumb.png
白上フブキ,#絵フブキ,https://hololive.hololivepro.com/wp-content/uploads/2020/06/Shirakami-Fubuki_list_thumb.png
夏色まつり,#祭絵,https://hololive.hololivepro.com/wp-content/uploads/2023/04/Natsuiro-Matsuri_list_thumb.png
湊あくあ,#あくあーと,https://hololive.hololivepro.com/wp-content/uploads/2023/04/Minato-Aqua_list_thumb.png
紫咲シオン,#シオンの書物,https://hololive.hololivepro.com/wp-content/uploads/2021/12/shion_thumb.png
癒月ちょこ,#しょこらーと,https://hololive.hololivepro.com/wp-content/uploads/2023/04/Yuzuki-Choco_list_thumb.png
大空スバル,#プロテインザスバル,https://hololive.hololivepro.com/wp-content/uploads/2020/06/Oozora-Subaru_list_thumb.png
百鬼あやめ,#百鬼絵巻,https://hololive.hololivepro.com/wp-content/uploads/2020/06/Nakiri-Ayame_list_thumb.png
大神ミオ,#みおーん絵,https://hololive.hololivepro.com/wp-content/uploads/2023/01/Ookami-Mio_thumb.png
猫又おかゆ,#絵かゆ,https://hololive.hololivepro.com/wp-content/uploads/2020/06/Nekomata-Okayu_list_thumb.png
戌神ころね,#できたてころね,https://hololive.hololivepro.com/wp-content/uploads/2023/04/Inugami-Korone_list_thumb.png
兎田ぺこら,#ぺこらーと,https://hololive.hololivepro.com/wp-content/uploads/2023/04/Usada-Pekora_list_thumb.png
潤羽るしあ,#絵クロマンサー,https://pbs.twimg.com/media/FwkKIYEaYAEJcXG?format=jpg
不知火フレア,#しらぬえ,https://hololive.hololivepro.com/wp-content/uploads/2023/04/Shiranui-Flare_list_thumb.png
白銀ノエル,#ノエラート,https://hololive.hololivepro.com/wp-content/uploads/2023/01/Shirogane-Noel_thumb.png
宝鐘マリン,#マリンのお宝,https://hololive.hololivepro.com/wp-content/uploads/2021/05/houshou_marine_thumb.png
天音かなた,#かなたーと,https://hololive.hololivepro.com/wp-content/uploads/2023/04/Amane-Kanata_list_thumb.png
角巻わため,#つのまきあーと,https://hololive.hololivepro.com/wp-content/uploads/2023/04/Tsunomaki-Watame_list_thumb-1.png
常闇トワ,#TOWART,https://hololive.hololivepro.com/wp-content/uploads/2020/06/Tokoyami-Towa_list_thumb.png
姫森ルーナ,#ルーナート,https://hololive.hololivepro.com/wp-content/uploads/2020/06/Himemori-Luna_list_thumb.png
桐生ココ,#みかじ絵,https://hololive.hololivepro.com/wp-content/uploads/2023/04/Kiryu-Coco_list_thumb-1.png
雪花ラミィ,#LamyArt,https://hololive.hololivepro.com/wp-content/uploads/2020/06/Yukihana-Lamy_list_thumb.png
桃鈴ねね,#ねねアルバム,https://hololive.hololivepro.com/wp-content/uploads/2020/06/Momosuzu-Nene_list_thumb.png
獅白ぼたん,#ししらーと,https://hololive.hololivepro.com/wp-content/uploads/2024/05/Shishiro-Botan_list_thumb.png
尾丸ポルカ,#絵まる,https://hololive.hololivepro.com/wp-content/uploads/2024/06/Omaru-Polka_list_thumb.png
魔乃アロエ,#まのあろ絵,https://pbs.twimg.com/media/Fw5tKH1XwAA57wG?format=jpg&name=orig
ラプラス・ダークネス,#Laplus_Artdesu,https://hololive.hololivepro.com/wp-content/uploads/2024/05/La-Darknesss_list_thumb.png
高嶺ルイ,#Luillust,https://hololive.hololivepro.com/wp-content/uploads/2020/07/Takane-Lui_list_thumb.png
博衣こより,#こよりすけっち,https://hololive.hololivepro.com/wp-content/uploads/2020/07/Hakui-Koyori_list_thumb.png
沙花叉クロヱ,#さかまた飼育日記,https://hololive.hololivepro.com/wp-content/uploads/2020/07/Sakamata-Chloe_list_thumb.png
風真いろは,#いろはにも絵を,https://hololive.hololivepro.com/wp-content/uploads/2020/07/Kazama-Iroha_list_thumb.png
Airani Iofifteen,#ioarts,https://hololive.hololivepro.com/wp-content/uploads/2022/04/%E3%83%AA%E3%82%B9-1.png
Moona Hoshinova,#HoshinovArt,https://hololive.hololivepro.com/wp-content/uploads/2022/04/ムーナ-1.png
Ayunda Risu,#GambaRisu,https://hololive.hololivepro.com/wp-content/uploads/2022/04/%E3%82%A4%E3%82%AA%E3%83%95%E3%82%A3-1.png
Kureiji Ollie,#graveyART,https://hololive.hololivepro.com/wp-content/uploads/2024/06/Kureiji-Ollie_list_thumb.png
Anya Melfissa,#anyatelier,https://hololive.hololivepro.com/wp-content/uploads/2020/07/Anya-Melfissa_list_thumb.png
Pavolia Reine,#Reinessance,https://hololive.hololivepro.com/wp-content/uploads/2020/07/Pavolia-Reine_list_thumb.png
Vestia Zeta,#Zetacrylic,https://hololive.hololivepro.com/wp-content/uploads/2022/03/1_%E3%83%99%E3%82%B9%E3%83%86%E3%82%A3%E3%82%A2%E3%83%BB%E3%82%BC%E3%83%BC%E3%82%BF.png
Kaela Kovalskia,#inKaela,https://hololive.hololivepro.com/wp-content/uploads/2022/03/2_%E3%82%AB%E3%82%A8%E3%83%A9%E3%83%BB%E3%82%B3%E3%83%B4%E3%82%A1%E3%83%AB%E3%82%B9%E3%82%AD%E3%82%A2.png
Kobo Kanaeru,#AeruSeni,https://hololive.hololivepro.com/wp-content/uploads/2022/03/3_%E3%81%93%E3%81%BC%E3%83%BB%E3%81%8B%E3%81%AA%E3%81%88%E3%82%8B.png
Mori Calliope,#callillust,https://hololive.hololivepro.com/wp-content/uploads/2022/04/%E3%82%AB%E3%83%AA%E3%82%AA%E3%83%9A.png
Mori Calliope,#カリイラスト,https://hololive.hololivepro.com/wp-content/uploads/2022/04/%E3%82%AB%E3%83%AA%E3%82%AA%E3%83%9A.png
Takanashi Kiara,#artsofashes,https://hololive.hololivepro.com/wp-content/uploads/2023/01/Takanashi-Kiara_thumb.png
Takanashi Kiara,#絵ニックス,https://hololive.hololivepro.com/wp-content/uploads/2023/01/Takanashi-Kiara_thumb.png
Ninomae Ina'nis,#inART,https://hololive.hololivepro.com/wp-content/uploads/2022/04/%E3%81%84%E3%81%AA%E3%81%AB%E3%81%99.png
Ninomae Ina'nis,#いなート,https://hololive.hololivepro.com/wp-content/uploads/2022/04/%E3%81%84%E3%81%AA%E3%81%AB%E3%81%99.png
Gawr Gura,#gawrt,https://hololive.hololivepro.com/wp-content/uploads/2024/05/Gawr-Gura_list_thumb.png
Watson Amelia,#ameliaRT,https://hololive.hololivepro.com/wp-content/uploads/2022/04/%E3%82%A2%E3%83%A1%E3%83%AA%E3%82%A2.png
IRyS,#IRySart,https://hololive.hololivepro.com/wp-content/uploads/2020/07/IRyS_list_thumb.png
九十九佐命,#galaxillust,https://hololive.hololivepro.com/wp-content/uploads/2021/08/%E4%B9%9D%E5%8D%81%E4%B9%9D-%E4%BD%90%E5%91%BD-1.png
Ceres Fauna,#FineFaunart,https://hololive.hololivepro.com/wp-content/uploads/2023/10/Ceres-Fauna_list_thumb.png
Ceres Fauna,#faunline,https://hololive.hololivepro.com/wp-content/uploads/2023/10/Ceres-Fauna_list_thumb.png
Ouro Kronii,#kronillust,https://hololive.hololivepro.com/wp-content/uploads/2023/10/Ouro-Kronii_list_thumb.png
Ouro Kronii,#クロニーラスト,https://hololive.hololivepro.com/wp-content/uploads/2023/10/Ouro-Kronii_list_thumb.png
Nanashi Mumei,#drawMEI,https://hololive.hololivepro.com/wp-content/uploads/2023/10/Nanashi-Mumei_list_thumb.png
Nanashi Mumei,#ムメ絵,https://hololive.hololivepro.com/wp-content/uploads/2023/10/Nanashi-Mumei_list_thumb.png
Hakos Baelz,#illustrayBAE,https://hololive.hololivepro.com/wp-content/uploads/2023/10/Hakos-Baelz_list_thumb.png
Hakos Baelz,#ベーアート,https://hololive.hololivepro.com/wp-content/uploads/2023/10/Hakos-Baelz_list_thumb.png
シオリ・ノヴェラ,#ShiorinOnAir,https://hololive.hololivepro.com/wp-content/uploads/2024/06/Shiori-Novella_list_thumb.png
古石ビジュー,#bijouwled,https://hololive.hololivepro.com/wp-content/uploads/2023/07/Koseki-Bijou_list_thumb.png
ネリッサ・レイヴンクロフト,#RavenCrafts,https://hololive.hololivepro.com/wp-content/uploads/2023/07/Nerissa-Ravencroft_list_thumb.png
モココ・アビスガード,#FWMCpix,https://hololive.hololivepro.com/wp-content/uploads/2023/07/Mococo-Abyssgard_list_thumb.png
フワワ・アビスガード,#FWMCpix,https://hololive.hololivepro.com/wp-content/uploads/2023/07/Fuwawa-Abyssgard_list_thumb.png
火威青,#青ペン,https://hololive.hololivepro.com/wp-content/uploads/2023/09/Hiodoshi-Ao_list_thumb.png
音乃瀬奏,#Artnose,https://hololive.hololivepro.com/wp-content/uploads/2023/09/Otonose-Kanade_list_thumb.png
一条莉々華,#ririkart,https://hololive.hololivepro.com/wp-content/uploads/2023/09/Ichijou-Ririka_list_thumb.png
儒烏風亭らでん,#らでん似絵,https://hololive.hololivepro.com/wp-content/uploads/2023/09/Juufuutei-Raden_list_thumb.png
轟はじめ,#はじめ武勇伝,https://hololive.hololivepro.com/wp-content/uploads/2023/09/Todoroki-Hajime_list_thumb.png
エリザベス・ローズ・ブラッドフレイム,#BloodflameArt,https://hololive.hololivepro.com/wp-content/uploads/2024/06/Elizabeth-Rose-Bloodflame_list_thumb.png
ジジ・ムリン,#rkggk,https://hololive.hololivepro.com/wp-content/uploads/2024/06/Gigi-Murin_list_thumb.png
セシリア・イマーグリーン,#Immergination,https://hololive.hololivepro.com/wp-content/uploads/2024/06/Cecilia-Immergreen_list_thumb.png
ラオーラ・パンテーラ,#RaorArt,https://hololive.hololivepro.com/wp-content/uploads/2024/06/Raora-Panthera_list_thumb.png
,#AIart #hololive,https://pbs.twimg.com/media/F1eVK2oaUAAjMq-?format=jpg&name=orig
友人A,#絵ーちゃん,https://hololive.hololivepro.com/wp-content/uploads/2023/02/FriendA_thumb.png
春先のどか,#のどかあーと,https://hololive.hololivepro.com/wp-content/uploads/2023/09/Harusaki-Nodoka_list_thumb.png